{
  "lesson": [
    {
      "title": "Branch Management",
      "body": "Now that you’ve created, merged, and deleted some branches, let’s look at some branch-management tools that will come in handy when you begin using branches all the time. \n The git branch command does more than just create and delete branches. If you run it with no arguments, you get a simple listing of your current branches: \n $ git branch \n   iss53 \n * master \n  testing \n Notice the * character that prefixes the master branch: it indicates the branch that you currently have checked out (i.e., the branch that HEAD points to). This means that if you commit at this point, the master branch will be moved forward with your new work. To see the last commit on each branch, you can run git branch -v: \n $ git branch -v \n   iss53   93b412c fix javascript issue \n * master  7a98805 Merge branch 'iss53' \n  testing 782fd34 add scott to the author list in the readmes \n The useful --merged and --no-merged options can filter this list to branches that you have or have not yet merged into the branch you’re currently on. To see which branches are already merged into the branch you’re on, you can run git branch --merged: \n  $ git branch --merged \n   iss53 \n * master \n Because you already merged in iss53 earlier, you see it in your list. Branches on this list without the * in front of them are generally fine to delete with git branch -d; you’ve already incorporated their work into another branch, so you’re not going to lose anything. \n To see all the branches that contain work you haven’t yet merged in, you can run git branch --no-merged: \n $ git branch --no-merged \n   testing \n This shows your other branch. Because it contains work that isn’t merged in yet, trying to delete it with git branch -d will fail: \n $ git branch -d testing \n error: The branch 'testing' is not fully merged. \n If you are sure you want to delete it, run 'git branch -D testing'. \n If you really do want to delete the branch and lose that work, you can force it with -D, as the helpful message points out."
    },
    {
      "title": "Branching Workflows",
      "body": "Now that you have the basics of branching and merging down, what can or should you do with them? In this section, we’ll cover some common workflows that this lightweight branching makes possible, so you can decide if you would like to incorporate it into your own development cycle. \n Long-Running Branches \n Because Git uses a simple three-way merge, merging from one branch into another multiple times over a long period is generally easy to do. This means you can have several branches that are always open and that you use for different stages of your development cycle; you can merge regularly from some of them into others. \n Many Git developers have a workflow that embraces this approach, such as having only code that is entirely stable in their master branch — possibly only code that has been or will be released. They have another parallel branch named develop or next that they work from or use to test stability — it isn’t necessarily always stable, but whenever it gets to a stable state, it can be merged into master. It’s used to pull in topic branches (short-lived branches, like your earlier iss53 branch) when they’re ready, to make sure they pass all the tests and don’t introduce bugs. \n In reality, we’re talking about pointers moving up the line of commits you’re making. The stable branches are farther down the line in your commit history, and the bleeding-edge branches are farther up the history. \n It’s generally easier to think about them as work silos, where sets of commits graduate to a more stable silo when they’re fully tested. \n You can keep doing this for several levels of stability. Some larger projects also have a proposed or pu (proposed updates) branch that has integrated branches that may not be ready to go into the next or master branch. The idea is that your branches are at various levels of stability; when they reach a more stable level, they’re merged into the branch above them. Again, having multiple long-running branches isn’t necessary, but it’s often helpful, especially when you’re dealing with very large or complex projects. \n "
    },
    {
      "title": "Topic Branches",
      "body": "Topic branches, however, are useful in projects of any size. A topic branch is a short-lived branch that you create and use for a single particular feature or related work. This is something you’ve likely never done with a VCS before because it’s generally too expensive to create and merge branches. But in Git it’s common to create, work on, merge, and delete branches several times a day. \n You saw this in the last section with the iss53 and hotfix branches you created. You did a few commits on them and deleted them directly after merging them into your main branch. This technique allows you to context-switch quickly and completely — because your work is separated into silos where all the changes in that branch have to do with that topic, it’s easier to see what has happened during code review and such. You can keep the changes there for minutes, days, or months, and merge them in when they’re ready, regardless of the order in which they were created or worked on. \n Consider an example of doing some work (on master), branching off for an issue (iss91), working on it for a bit, branching off the second branch to try another way of handling the same thing (iss91v2), going back to your master branch and working there for a while, and then branching off there to do some work that you’re not sure is a good idea (dumbidea branch). Your commit history will look something like this: \n Now, let’s say you decide you like the second solution to your issue best (iss91v2); and you showed the dumbidea branch to your coworkers, and it turns out to be genius. You can throw away the original iss91 branch (losing commits C5 and C6) and merge in the other two. Your history then looks like this: \n We will go into more detail about the various possible workflows for your Git project in Distributed Git, so before you decide which branching scheme your next project will use, be sure to read that chapter. \n It’s important to remember when you’re doing all this that these branches are completely local. When you’re branching and merging, everything is being done only in your Git repository — no server communication is happening. \n "
    },
    {
      "title": "Remote Branches",
      "body": "Remote references are references (pointers) in your remote repositories, including branches, tags, and so on. You can get a full list of remote references explicitly with git ls-remote [remote], or git remote show [remote] for remote branches as well as more information. Nevertheless, a more common way is to take advantage of remote-tracking branches. \n Remote-tracking branches are references to the state of remote branches. They’re local references that you can’t move; Git moves them for you whenever you do any network communication, to make sure they accurately represent the state of the remote repository. Think of them as bookmarks, to remind you where the branches in your remote repositories were the last time you connected to them. \n Remote-tracking branches take the form <remote>/<branch>. For instance, if you wanted to see what the master branch on your origin remote looked like as of the last time you communicated with it, you would check the origin/master branch. If you were working on an issue with a partner and they pushed up an iss53 branch, you might have your own local iss53 branch, but the branch on the server would be represented by the remote-tracking branch origin/iss53. \n This may be a bit confusing, so let’s look at an example. Let’s say you have a Git server on your network at git.ourcompany.com. If you clone from this, Git’s clone command automatically names it origin for you, pulls down all its data, creates a pointer to where its master branch is, and names it origin/master locally. Git also gives you your own local master branch starting at the same place as origin’s master branch, so you have something to work from. \n If you do some work on your local master branch, and, in the meantime, someone else pushes to git.ourcompany.com and updates its master branch, then your histories move forward differently. Also, as long as you stay out of contact with your origin server, your origin/master pointer doesn’t move. \n To synchronize your work, you run a git fetch origin command. This command looks up which server “origin” is (in this case, it’s git.ourcompany.com), fetches any data from it that you don’t yet have, and updates your local database, moving your origin/master pointer to its new, more up-to-date position. \n  To demonstrate having multiple remote servers and what remote branches for those remote projects look like, let’s assume you have another internal Git server that is used only for development by one of your sprint teams. This server is at git.team1.ourcompany.com. You can add it as a new remote reference to the project you’re currently working on by running the git remote add command as we covered in Git Basics. Name this remote teamone, which will be your shortname for that whole URL. \n Now, you can run git fetch teamone to fetch everything the remote teamone server has that you don’t have yet. Because that server has a subset of the data your origin server has right now, Git fetches no data but sets a remote-tracking branch called teamone/master to point to the commit that teamone has as its master branch. \n"
    },
    {
      "title": "Pushing",
      "body": "When you want to share a branch with the world, you need to push it up to a remote that you have write access to. Your local branches aren’t automatically synchronized to the remotes you write to — you have to explicitly push the branches you want to share. That way, you can use private branches for work you don’t want to share, and push up only the topic branches you want to collaborate on. \n If you have a branch named serverfix that you want to work on with others, you can push it up the same way you pushed your first branch. Run git push <remote> <branch>: \n $ git push origin serverfix \n Counting objects: 24, done. \n Delta compression using up to 8 threads. \n Compressing objects: 100% (15/15), done. \n Writing objects: 100% (24/24), 1.91 KiB | 0 bytes/s, done. \n Total 24 (delta 2), reused 0 (delta 0) \n To https://github.com/schacon/simplegit \n * [new branch]      serverfix -> serverfix \n This is a bit of a shortcut. Git automatically expands the serverfix branchname out to refs/heads/serverfix:refs/heads/serverfix, which means, “Take my serverfix local branch and push it to update the remote’s serverfix branch.” We’ll go over the refs/heads/ part in detail in Git Internals, but you can generally leave it off. You can also do git push origin serverfix:serverfix, which does the same thing — it says, “Take my serverfix and make it the remote’s serverfix.” You can use this format to push a local branch into a remote branch that is named differently. If you didn’t want it to be called serverfix on the remote, you could instead run git push origin serverfix:awesomebranch to push your local serverfix branch to the awesomebranch branch on the remote project. \n The next time one of your collaborators fetches from the server, they will get a reference to where the server’s version of serverfix is under the remote branch origin/serverfix: \n $ git fetch origin \n remote: Counting objects: 7, done.\n remote: Compressing objects: 100% (2/2), done. \n remote: Total 3 (delta 0), reused 3 (delta 0) \n Unpacking objects: 100% (3/3), done. \n From https://github.com/schacon/simplegit \n  * [new branch]      serverfix    -> origin/serverfix \n It’s important to note that when you do a fetch that brings down new remote-tracking branches, you don’t automatically have local, editable copies of them. In other words, in this case, you don’t have a new serverfix branch — you only have an origin/serverfix pointer that you can’t modify. \n To merge this work into your current working branch, you can run git merge origin/serverfix. If you want your own serverfix branch that you can work on, you can base it off your remote-tracking branch: \n  $ git checkout -b serverfix origin/serverfix \n Branch serverfix set up to track remote branch serverfix from origin. \n Switched to a new branch 'serverfix' \n This gives you a local branch that you can work on that starts where origin/serverfix is. \n "
    },
    {
      "title": "Tracking Branches",
      "body": "Checking out a local branch from a remote-tracking branch automatically creates what is called a “tracking branch” (and the branch it tracks is called an “upstream branch”). Tracking branches are local branches that have a direct relationship to a remote branch. If you’re on a tracking branch and type git pull, Git automatically knows which server to fetch from and branch to merge into. \n When you clone a repository, it generally automatically creates a master branch that tracks origin/master. However, you can set up other tracking branches if you wish — ones that track branches on other remotes, or don’t track the master branch. The simple case is the example you just saw, running git checkout -b <branch> <remote>/<branch>. This is a common enough operation that Git provides the --track shorthand: \n $ git checkout --track origin/serverfix \n Branch serverfix set up to track remote branch serverfix from origin. \n Switched to a new branch 'serverfix' \n In fact, this is so common that there’s even a shortcut for that shortcut. If the branch name you’re trying to checkout (a) doesn’t exist and (b) exactly matches a name on only one remote, Git will create a tracking branch for you: \n $ git checkout serverfix \n Branch serverfix set up to track remote branch serverfix from origin. \n Switched to a new branch 'serverfix' \n To set up a local branch with a different name than the remote branch, you can easily use the first version with a different local branch name: \n $ git checkout -b sf origin/serverfix \n Branch sf set up to track remote branch serverfix from origin. \n Switched to a new branch 'sf' \n Now, your local branch sf will automatically pull from origin/serverfix. \n If you already have a local branch and want to set it to a remote branch you just pulled down, or want to change the upstream branch you’re tracking, you can use the -u or --set-upstream-to option to git branch to explicitly set it at any time. \n $ git branch -u origin/serverfix \n Branch serverfix set up to track remote branch serverfix from origin. \n Note \n Upstream shorthan \n When you have a tracking branch set up, you can reference its upstream branch with the @{upstream} or @{u} shorthand. So if you’re on the master branch and it’s tracking origin/master, you can say something like git merge @{u} instead of git merge origin/master if you wish. \n If you want to see what tracking branches you have set up, you can use the -vv option to git branch. This will list out your local branches with more information including what each branch is tracking and if your local branch is ahead, behind or both. \n $ git branch -vv \n   iss53     7e424c3 [origin/iss53: ahead 2] forgot the brackets \n   master    1ae2a45 [origin/master] deploying index fix \n * serverfix f8674d9 [teamone/server-fix-good: ahead 3, behind 1] this should do it \n   testing   5ea463a trying something new \n So here we can see that our iss53 branch is tracking origin/iss53 and is “ahead” by two, meaning that we have two commits locally that are not pushed to the server. We can also see that our master branch is tracking origin/master and is up to date. Next we can see that our serverfix branch is tracking the server-fix-good branch on our teamone server and is ahead by three and behind by one, meaning that there is one commit on the server we haven’t merged in yet and three commits locally that we haven’t pushed. Finally we can see that our testing branch is not tracking any remote branch. \n It’s important to note that these numbers are only since the last time you fetched from each server. This command does not reach out to the servers, it’s telling you about what it has cached from these servers locally. If you want totally up to date ahead and behind numbers, you’ll need to fetch from all your remotes right before running this. You could do that like this: \n $ git fetch --all; git branch -vv \n"
    },
    {
      "title": "Pulling",
      "body": "While the git fetch command will fetch down all the changes on the server that you don’t have yet, it will not modify your working directory at all. It will simply get the data for you and let you merge it yourself. However, there is a command called git pull which is essentially a git fetch immediately followed by a git merge in most cases. If you have a tracking branch set up as demonstrated in the last section, either by explicitly setting it or by having it created for you by the clone or checkout commands, git pull will look up what server and branch your current branch is tracking, fetch from that server and then try to merge in that remote branch. \n Generally it’s better to simply use the fetch and merge commands explicitly as the magic of git pull can often be confusing."
    },
    {
      "title": "Deleting Remote Branches",
      "body": "Suppose you’re done with a remote branch – say you and your collaborators are finished with a feature and have merged it into your remote’s master branch (or whatever branch your stable codeline is in). You can delete a remote branch using the --delete option to git push. If you want to delete your serverfix branch from the server, you run the following: \n $ git push origin --delete serverfix \n To https://github.com/schacon/simplegit \n  - [deleted]         serverfix \n Basically all this does is remove the pointer from the server. The Git server will generally keep the data there for a while until a garbage collection runs, so if it was accidentally deleted, it’s often easy to recover."
    }
  ]
}