{
  "lesson": [
    {
      "title": "Getting a Git Repository",
      "body": "  First start by initializing a Repository in an Existing Directory. To do this start by switching directories to the project you want to control with Git.\n   for Linux: \n   $ cd /home/user/my_project \n  for Mac: \n  $ cd /Users/user/my_project\n  for Windows: \n $ cd /c/user/my_project\n  then type: \n  $ git init\n   This creates a new subdirectory named .git that contains all of your necessary repository files - a Git repository skeleton. To start version-controlling existing files use the following:\n $ git add *.c\n $ git add LICENSE\n $ git commit -m 'initial project version' \n Cloning an Existing Repository\n To clone an existing git repository, use: git clone <url> For example to clone the Git linkable library, libgit2 you could use: \n $ git clone https://github.com/libgit2/libgit2\n  This creates a directory named libgit2, initializes a .git directory inside it, pulls down all the data for that repository, and checks out a working copy of the latest version. \n   To clone a repository into a directory named something other than libgit2, try: \n git clone https://github.com/libgit2/libgit2 mylibgit\n  This does the same thing as the previous command but the target directory is called mylibgit\n"
    },
    {
      "title": "Git Basics- Recording Changes to the Repository",
      "body": "  At this point, you should have a bona fide Git repository on your local machine, and a checkout or working copy of all of its files in front of you. Typically, you'll want to start making changes and committing snapshots of those changes into your repository each time the project reaches a state you want to record.\n   Remember that each file in your working directory can be in one of two states: tracked or untracked. Tracked files are files that were in the last snapshot; they can be unmodified, modified, or staged. In short, tracked files are files that Git knows about.\n   Untracked files are everything else - any files in your working directory that were not in your last snapshot and are not in your staging area. When you first clone a repository, all of your files will be tracked and unmodified because Git just checked them out and you haven't edited anything.\n   As you edit files, Git sees them as modified, because you've changed them since your last commit. As you work, you selectively stage these modified files and then commit all those staged changes, and the cycle repeats.\n"
    },
    {
      "title": "Checking the Status of Your Files",
      "body": " The main tool you use to determine which files are in which state is the git status command. If you run this command directly after a clone, you should see something like this:\n $ git status \n  On branch master\n  Your branch is up-to-date with 'origin/master'.\n  nothing to commit, working directory clean \n   This means you have a clean working directory - in other words, none of your tracked files are modified. Git also doesn't see any untracked files, or they would be listed here. Finally, the command tells you which branch you're on and informs you that it has not diverged from the same branch on the server. For now, that branch is always 'master', which is the default; you won't worry about it here. Git Branching will go over branches and references in detail. \n   Let's say you add a new file to your project, a simple README file. If the file didn't exist before, and you run git status, you see your untracked file like so: \n   $ echo 'My Project' > README\n   $ git status\n   On branch master\n   Your branch is up-to-date with 'origin/master'.\n  Untracked files: \n  (use 'git add <file>...' to include in what will be committed) \n  README \n   nothing added to commit but untracked files present (use 'git add' to track)\n   You can see that your new README file is untracked, because it's under the 'Untracked files' heading in your status output. Untracked basically means that Git sees a file you didn't have in the previous snapshot (commit); Git won't start including it in your commit snapshots until you explicitly tell it to do so. It does this so you don't accidentally begin including generated binary files or other files that you did not mean to include. You do want to start including README, so let's start tracking the file.\n"
    },
    {
      "title": "Tracking New Files ",
      "body": " In order to begin tracking a new file, you use the command git add. To begin tracking the README file, you can run this: \n  $ git add README \n  If you run your status command again, you can see that your README file is now tracked and staged to be committed: \n  $ git status \n  On branch master \n  Your branch is up-to-date with 'origin/master'. \n Changes to be committed: \n    (use 'git reset HEAD <file>...'to unstage) \n    new file:   README\n   You can tell that it's staged because it's under the 'Changes to be committed' heading. If you commit at this point, the version of the file at the time you ran git add is what will be in the historical snapshot. You may recall that when you ran git init earlier, you then ran git add <files> - that was to begin tracking files in your directory. The git add command takes a path name for either a file or a directory; if it's a directory, the command adds all the files in that directory recursively.\n"
    },
    {
      "title": "Staging Modified Files",
      "body": " Let's change a file that was already tracked. If you change a previously tracked file called CONTRIBUTING.md and then run your git status command again, you get something that looks like this: \n  $ git status \n  On branch master \n  Your branch is up-to-date with 'origin/master'. \n  Changes to be committed: \n   (use 'git reset HEAD <file>...' to unstage)\n    new file:   README\n   Changes not staged for commit:\n   \n   (use 'git add <file>...' to update what will be committed)\n   (use 'git checkout -- <file>...' to discard changes in working directory)\n   modified:   CONTRIBUTING.md \n  The CONTRIBUTING.md file appears under a section named 'Changes not staged for commit' - which means that a file that is tracked has been modified in the working directory but not yet staged. To stage it, you run the git add command. git add is a multipurpose command - you use it to begin tracking new files, to stage files, and to do other things like marking merge-conflicted files as resolved. It may be helpful to think of it more as 'add precisely this content to the next commit' rather than 'add this file to the project'. Let's run git add now to stage the CONTRIBUTING.md file, and then run git status again: \n  $ git add CONTRIBUTING.md \n  $ git status \n  On branch master \n  Your branch is up-to-date with 'origin/master'. \n  Changes to be committed: \n   (use 'git reset HEAD <file>...' to unstage)\n   new file:   README \n   modified:   CONTRIBUTING.md \n  Both files are staged and will go into your next commit. At this point, suppose you remember one little change that you want to make in CONTRIBUTING.md before you commit it. You open it again and make that change, and you're ready to commit. However, let's run git status one more time: \n  $ vim CONTRIBUTING.md \n  $ git status \n  On branch master \n  Your branch is up-to-date with 'origin/master'. \n  Changes to be committed: \n  (use 'git reset HEAD <file>...' to unstage)\n    new file:   README\n    modified:   CONTRIBUTING.md\n   Changes not staged for commit:\n  (use 'git add <file>...' to update what will be committed) \n  (use 'git checkout -- <file>...' to discard changes in working directory)\n   modified:   CONTRIBUTING.md \n  What the heck? Now CONTRIBUTING.md is listed as both staged and unstaged. How is that possible? It turns out that Git stages a file exactly as it is when you run the git add command. If you commit now, the version of CONTRIBUTING.md as it was when you last ran the git add command is how it will go into the commit, not the version of the file as it looks in your working directory when you run git commit. If you modify a file after you run git add, you have to run git add again to stage the latest version of the file: \n  $ git add CONTRIBUTING.md \n  $ git status \n  On branch master \n  Your branch is up-to-date with 'origin/master'. \n  Changes to be committed: \n   (use 'git reset HEAD <file>...' to unstage)\n  new file:   README \n  modified:   CONTRIBUTING.md \n "
    },
    {
      "title": "Short Status",
      "body": "  While the git status output is pretty comprehensive, it's also quite wordy. Git also has a short status flag so you can see your changes in a more compact way. If you run git status -s or git status --short you get a far more simplified output from the command:\n  $ git status -s  \n   M README \n  MM Rakefile  \n   A  lib/git.rb \n  M  lib/simplegit.rb  \n   ?? LICENSE.txt\n  New files that aren't tracked have a ?? next to them, new files that have been added to the staging area have an A, modified files have an M and so on. There are two columns to the output - the left-hand column indicates the status of the staging area and the right-hand column indicates the status of the working tree. So for example in that output, the README file is modified in the working directory but not yet staged, while the lib/simplegit.rb file is modified and staged. The Rakefile was modified, staged and then modified again, so there are changes to it that are both staged and unstaged. \n"
    },
    {
      "title": "Ignoring Files",
      "body": "  Often, you'll have a class of files that you don't want Git to automatically add or even show you as being untracked. These are generally automatically generated files such as log files or files produced by your build system. In such cases, you can create a file listing patterns to match them named .gitignore. Here is an example .gitignore file:\n  *.[oa]\n  *~ \n  The first line tells Git to ignore any files ending in '.o' or '.a' - object and archive files that may be the product of building your code. The second line tells Git to ignore all files whose names end with a tilde (~), which is used by many text editors such as Emacs to mark temporary files. You may also include a log, tmp, or pid directory; automatically generated documentation; and so on. Setting up a .gitignore file for your new repository before you get going is generally a good idea so you don't accidentally commit files that you really don't want in your Git repository. \n  The rules for the patterns you can put in the .gitignore file are as follows: \n  Blank lines or lines starting with # are ignored. \n  Standard glob patterns work, and will be applied recursively throughout the entire working tree.\n  You can start patterns with a forward slash (/) to avoid recursivity. \n  You can end patterns with a forward slash (/) to specify a directory. \n  You can negate a pattern by starting it with an exclamation point (!). \n   Glob patterns are like simplified regular expressions that shells use. An asterisk (*) matches zero or more characters; [abc] matches any character inside the brackets (in this case a, b, or c); a question mark (?) matches a single character; and brackets enclosing characters separated by a hyphen ([0-9]) matches any character between them (in this case 0 through 9). You can also use two asterisks to match nested directories; a/**/z would match a/z, a/b/z, a/b/c/z, and so on. \n  Here is another example .gitignore file: \n # ignore all .a files \n   *.a \n  # but do track lib.a, even though you're ignoring .a files above\n   !lib.a \n  # only ignore the TODO file in the current directory, not subdir/TODO \n  /TODO\n   # ignore all files in the build/ directory\n   build/ \n  # ignore doc\notes.txt, but not doc/server/arch.txt \n  doc/*.txt \n  # ignore all .pdf files in the doc/ directory and any of its subdirectories \n doc/**/*.pdf \n"
    }
  ]
}
