{
  "lesson": [
    {
      "title": "Undoing things",
      "body": "At any stage, you may want to undo something. Here, we’ll review a few basic tools for undoing changes that you’ve made. Be careful, because you can’t always undo some of these undos. This is one of the few areas in Git where you may lose some work if you do it wrong.\n  One of the common undos takes place when you commit too early and possibly forget to add some files, or you mess up your commit message. If you want to redo that commit, make the additional changes you forgot, stage them, and commit again using the --amend option:\n  $ git commit --amend\n  This command takes your staging area and uses it for the commit. If you’ve made no changes since your last commit (for instance, you run this command immediately after your previous commit), then your snapshot will look exactly the same, and all you’ll change is your commit message.\n  The same commit-message editor fires up, but it already contains the message of your previous commit. You can edit the message the same as always, but it overwrites your previous commit.\n  As an example, if you commit and then realize you forgot to stage the changes in a file you wanted to add to this commit, you can do something like this:\n $ git commit -m 'initial commit' \n $ git add forgotten_file \n$ git commit --amend \n  You end up with a single commit — the second commit replaces the results of the first.\n"
    },
    {
      "title": "Unstaging a Staged File",
      "body": "The next two sections demonstrate how to work with your staging area and working directory changes. The nice part is that the command you use to determine the state of those two areas also reminds you how to undo changes to them. For example, let’s say you’ve changed two files and want to commit them as two separate changes, but you accidentally type git add * and stage them both. How can you unstage one of the two? The git status command reminds you:\n $ git add * \n $ git status \nOn branch master\nChanges to be committed:\n  (use \"git reset HEAD <file>...\" to unstage)\n    renamed:    README.md -> README \n    modified:   CONTRIBUTING.md\n  Right below the “Changes to be committed” text, it says use git reset HEAD <file>... to unstage. So, let’s use that advice to unstage the CONTRIBUTING.md file:\n  $ git reset HEAD CONTRIBUTING.md \nUnstaged changes after reset: \nMCONTRIBUTING.md \n$ git status \nOn branch master \nChanges to be committed: \n  (use \"git reset HEAD <file>...\" to unstage) \n    renamed:    README.md -> README \nChanges not staged for commit: \n  (use \"git add <file>...\" to update what will be committed)\n  (use \"git checkout -- <file>...\" to discard changes in working directory)\n    modified:   CONTRIBUTING.md\n The command is a bit strange, but it works. The CONTRIBUTING.md file is modified but once again unstaged.\n"
    },
    {
      "title": "Unmodifying a Modified File",
      "body": "What if you realize that you don’t want to keep your changes to the CONTRIBUTING.md file? How can you easily unmodify it — revert it back to what it looked like when you last committed (or initially cloned, or however you got it into your working directory)? Luckily, git status tells you how to do that, too. In the last example output, the unstaged area looks like this:\n Changes not staged for commit:\n  (use \"git add <file>...\" to update what will be committed) \n  (use \"git checkout -- <file>...\" to discard changes in working directory) \n    modified:   CONTRIBUTING.md \n It tells you pretty explicitly how to discard the changes you’ve made. Let’s do what it says: \n $ git checkout -- CONTRIBUTING.md \n$ git status \nOn branch master \nChanges to be committed: \n  (use \"git reset HEAD <file>...\" to unstage)\n    renamed:    README.md -> README \n You can see that the changes have been reverted. \n If you would like to keep the changes you’ve made to that file but still need to get it out of the way for now, we’ll go over stashing and branching in Git Branching; these are generally better ways to go.\n Remember, anything that is committed in Git can almost always be recovered. Even commits that were on branches that were deleted or commits that were overwritten with an --amend commit can be recovered (see Data Recovery for data recovery). However, anything you lose that was never committed is likely never to be seen again.\n"
    }
  ]
}
